experiment name,f1,recall,precision
source_1.5T,0.852097130243,0.910377358491,0.800829875519
bousmalis_gen_n8b4_disc_n8_bn_dropout_keep0.9_10_noise_all_small_data_1e4l1_s15_final_i1,0.814814814815,0.778301886792,0.854922279793
bousmalis_gen_n8b4_disc_n8_bn_dropout_keep0.9_no_noise_all_small_data_1e4l1_s15_final_i1,0.771208226221,0.707547169811,0.847457627119
residual_gen_n8b4_disc_n8_bn_dropout_keep0.9_10_noise_all_small_data_1e4l1_s15_final_i1,0.817757009346,0.825471698113,0.810185185185
residual_gen_n8b4_disc_n8_bn_dropout_keep0.9_no_noise_all_small_data_1e4l1_s15_final_i1,0.849557522124,0.905660377358,0.8
target_3.0T,0.841726618705,0.893129770992,0.795918367347
